{"page_idx": 2, "dimensions": [1685, 1224], "orientation": {"value": null, "confidence": null}, "language": {"value": null, "confidence": null}, "blocks": [{"geometry": [[0.973217933006536, 0.642578125], [0.9853172551572713, 0.6533203125]], "lines": [{"geometry": [[0.973217933006536, 0.642578125], [0.9853172551572713, 0.6533203125]], "words": [{"value": "S", "confidence": 0.6592782735824585, "geometry": [[0.973217933006536, 0.642578125], [0.9853172551572713, 0.6533203125]]}]}], "artefacts": []}]}