{"page_idx": 0, "dimensions": [1584, 987], "orientation": {"value": null, "confidence": null}, "language": {"value": null, "confidence": null}, "blocks": [{"geometry": [[0.0, 0.0068359375], [0.8181515957446808, 0.0546875]], "lines": [{"geometry": [[0.0, 0.0068359375], [0.8181515957446808, 0.0546875]], "words": [{"value": "msenascseswe", "confidence": 0.1534683108329773, "geometry": [[0.0, 0.0068359375], [0.8181515957446808, 0.0546875]]}]}], "artefacts": []}, {"geometry": [[0.9466660334346504, 0.1484375], [0.959204027355623, 0.15625]], "lines": [{"geometry": [[0.9466660334346504, 0.1484375], [0.959204027355623, 0.15625]], "words": [{"value": "&", "confidence": 0.8840011954307556, "geometry": [[0.9466660334346504, 0.1484375], [0.959204027355623, 0.15625]]}]}], "artefacts": []}]}