{"page_idx": 1, "dimensions": [1584, 1010], "orientation": {"value": null, "confidence": null}, "language": {"value": null, "confidence": null}, "blocks": [{"geometry": [[0.5229733910891089, 0.0986328125], [0.5321627475247525, 0.1044921875]], "lines": [{"geometry": [[0.5229733910891089, 0.0986328125], [0.5321627475247525, 0.1044921875]], "words": [{"value": ":", "confidence": 0.7789186239242554, "geometry": [[0.5229733910891089, 0.0986328125], [0.5321627475247525, 0.1044921875]]}]}], "artefacts": []}, {"geometry": [[0.9732518564356436, 0.4794921875], [0.9855043316831683, 0.5029296875]], "lines": [{"geometry": [[0.9732518564356436, 0.4794921875], [0.9855043316831683, 0.5029296875]], "words": [{"value": "3", "confidence": 0.2430700808763504, "geometry": [[0.9732518564356436, 0.4794921875], [0.9855043316831683, 0.5029296875]]}]}], "artefacts": []}, {"geometry": [[0.9211788366336633, 0.6708984375], [0.9609993811881188, 0.7060546875]], "lines": [{"geometry": [[0.9211788366336633, 0.6708984375], [0.9609993811881188, 0.7060546875]], "words": [{"value": "e", "confidence": 0.5896942615509033, "geometry": [[0.9211788366336633, 0.6708984375], [0.9609993811881188, 0.7060546875]]}]}], "artefacts": []}]}